time,cellN
1,5005.443581
2,20010.8842
3,80000
4,319825.9475
5,2.18E+16
6,5111650.024
7,20435478.9
8,81697455.04
9,326612074.6
10,1305737703
11,5220109975
12,20869082737
13,83430927002
14,3.33542E+11
15,1.33E+12
16,5.33E+12
17,2.13E+13
18,8.52E+13
19,3.41E+14
20,1.36E+15
21,5.44E+15
22,2.18E+16
23,8.70E+16
